{
  "name": "Confidential Customer Overlap",
  "description": "In this data clean room, Two users (i.e. An insurance and a bank) will confidentially determine the number of common customers per region",
  "ownerEmail": "user1@testing.com",
  "dataRoomShares": [
    {
      "userEmail": "user1@testing.com"
    },
    {
      "userEmail": "user2@testing.com"
    }
  ],
  "dataRoomTables": [
    {
      "name": "bank_customers",
      "index": 0,
      "sqlCreateStatement": "CREATE TABLE bank_customers (\n        first_name VARCHAR NOT NULL,surname VARCHAR NOT NULL,zipcode INT NOT NULL,age VARCHAR NOT NULL,gender VARCHAR NOT NULL,bankproduct VARCHAR NOT NULL,income VARCHAR NOT NULL\n      );",
      "dataRoomTableShares": [
        {
          "userEmail": "user1@testing.com"
        }
      ]
    },
    {
      "name": "insurance_customers",
      "index": 1,
      "sqlCreateStatement": "CREATE TABLE \"insurance_customers\" (\n        \"first_name\" VARCHAR NOT NULL,\"surname\" VARCHAR NOT NULL,\"zipcode\" INT NOT NULL,\"age\" VARCHAR NOT NULL,\"gender\" VARCHAR NOT NULL,\"insurproduct\" VARCHAR NOT NULL\n      );",
      "dataRoomTableShares": [
        {
          "userEmail": "user2@testing.com"
        }
      ]
    }
  ],
  "dataRoomQueries": [
    {
      "name": "Geographic overlap query",
      "index": 0,
      "sqlSelectStatement": "SELECT insurance_customers.zipcode, COUNT(*)\nFROM insurance_customers INNER JOIN bank_customers ON \n    insurance_customers.first_name = bank_customers.first_name AND \n    insurance_customers.surname = bank_customers.surname AND\n    insurance_customers.zipcode = bank_customers.zipcode\nGROUP BY insurance_customers.zipcode",
      "dataRoomQueryShares": [
        {
          "userEmail": "user2@testing.com"
        },
        {
          "userEmail": "user1@testing.com"
        }
      ]
    }
  ]
}